,Id,SalePrice,OverallQual,MasVnrArea,GarageArea,FullBath,TotRmsAbvGrd,YearBuilt,YearRemodAdd,BedroomAbvGr,MSSubClass,MSZoning,LotFrontage,LotArea,Street,Alley,LotShape,LandContour,Utilities,LotConfig,LandSlope,Neighborhood,Condition1,Condition2,BldgType,HouseStyle,OverallCond,RoofStyle,RoofMatl,Exterior1st,Exterior2nd,MasVnrType,ExterQual,ExterCond,Foundation,BsmtQual,BsmtCond,BsmtExposure,BsmtFinType1,BsmtFinSF1,BsmtFinType2,BsmtFinSF2,BsmtUnfSF,TotalBsmtSF,Heating,HeatingQC,CentralAir,Electrical,1stFlrSF,2ndFlrSF,LowQualFinSF,GrLivArea,BsmtFullBath,BsmtHalfBath,HalfBath,KitchenAbvGr,KitchenQual,Functional,Fireplaces,FireplaceQu,GarageType,GarageYrBlt,GarageFinish,GarageCars,GarageQual,GarageCond,PavedDrive,WoodDeckSF,OpenPorchSF,EnclosedPorch,3SsnPorch,ScreenPorch,PoolArea,PoolQC,Fence,MiscFeature,MiscVal,MoSold,YrSold,SaleType,SaleCondition
0,1,208500,7,196,548,2,8,2003,2003,3,60,RL,65,8450,Pave,,Reg,Lvl,AllPub,Inside,Gtl,CollgCr,Norm,Norm,1Fam,2Story,5,Gable,CompShg,VinylSd,VinylSd,BrkFace,Gd,TA,PConc,Gd,TA,No,GLQ,706,Unf,0,150,856,GasA,Ex,Y,SBrkr,856,854,0,1710,1,0,1,1,Gd,Typ,0,,Attchd,2003,RFn,2,TA,TA,Y,0,61,0,0,0,0,,,,0,2,2008,WD,Normal
1,2,181500,6,0,460,2,6,1976,1976,3,20,RL,80,9600,Pave,,Reg,Lvl,AllPub,FR2,Gtl,Veenker,Feedr,Norm,1Fam,1Story,8,Gable,CompShg,MetalSd,MetalSd,None,TA,TA,CBlock,Gd,TA,Gd,ALQ,978,Unf,0,284,1262,GasA,Ex,Y,SBrkr,1262,0,0,1262,0,1,0,1,TA,Typ,1,TA,Attchd,1976,RFn,2,TA,TA,Y,298,0,0,0,0,0,,,,0,5,2007,WD,Normal
2,3,223500,7,162,608,2,6,2001,2002,3,60,RL,68,11250,Pave,,IR1,Lvl,AllPub,Inside,Gtl,CollgCr,Norm,Norm,1Fam,2Story,5,Gable,CompShg,VinylSd,VinylSd,BrkFace,Gd,TA,PConc,Gd,TA,Mn,GLQ,486,Unf,0,434,920,GasA,Ex,Y,SBrkr,920,866,0,1786,1,0,1,1,Gd,Typ,1,TA,Attchd,2001,RFn,2,TA,TA,Y,0,42,0,0,0,0,,,,0,9,2008,WD,Normal
3,4,140000,7,0,642,1,7,1915,1970,3,70,RL,60,9550,Pave,,IR1,Lvl,AllPub,Corner,Gtl,Crawfor,Norm,Norm,1Fam,2Story,5,Gable,CompShg,Wd Sdng,Wd Shng,None,TA,TA,BrkTil,TA,Gd,No,ALQ,216,Unf,0,540,756,GasA,Gd,Y,SBrkr,961,756,0,1717,1,0,0,1,Gd,Typ,1,Gd,Detchd,1998,Unf,3,TA,TA,Y,0,35,272,0,0,0,,,,0,2,2006,WD,Abnorml
4,5,250000,8,350,836,2,9,2000,2000,4,60,RL,84,14260,Pave,,IR1,Lvl,AllPub,FR2,Gtl,NoRidge,Norm,Norm,1Fam,2Story,5,Gable,CompShg,VinylSd,VinylSd,BrkFace,Gd,TA,PConc,Gd,TA,Av,GLQ,655,Unf,0,490,1145,GasA,Ex,Y,SBrkr,1145,1053,0,2198,1,0,1,1,Gd,Typ,1,TA,Attchd,2000,RFn,3,TA,TA,Y,192,84,0,0,0,0,,,,0,12,2008,WD,Normal
5,6,143000,5,0,480,1,5,1993,1995,1,50,RL,85,14115,Pave,,IR1,Lvl,AllPub,Inside,Gtl,Mitchel,Norm,Norm,1Fam,1.5Fin,5,Gable,CompShg,VinylSd,VinylSd,None,TA,TA,Wood,Gd,TA,No,GLQ,732,Unf,0,64,796,GasA,Ex,Y,SBrkr,796,566,0,1362,1,0,1,1,TA,Typ,0,,Attchd,1993,Unf,2,TA,TA,Y,40,30,0,320,0,0,,MnPrv,Shed,700,10,2009,WD,Normal
6,7,307000,8,186,636,2,7,2004,2005,3,20,RL,75,10084,Pave,,Reg,Lvl,AllPub,Inside,Gtl,Somerst,Norm,Norm,1Fam,1Story,5,Gable,CompShg,VinylSd,VinylSd,Stone,Gd,TA,PConc,Ex,TA,Av,GLQ,1369,Unf,0,317,1686,GasA,Ex,Y,SBrkr,1694,0,0,1694,1,0,0,1,Gd,Typ,1,Gd,Attchd,2004,RFn,2,TA,TA,Y,255,57,0,0,0,0,,,,0,8,2007,WD,Normal
7,8,200000,7,240,484,2,7,1973,1973,3,60,RL,,10382,Pave,,IR1,Lvl,AllPub,Corner,Gtl,NWAmes,PosN,Norm,1Fam,2Story,6,Gable,CompShg,HdBoard,HdBoard,Stone,TA,TA,CBlock,Gd,TA,Mn,ALQ,859,BLQ,32,216,1107,GasA,Ex,Y,SBrkr,1107,983,0,2090,1,0,1,1,TA,Typ,2,TA,Attchd,1973,RFn,2,TA,TA,Y,235,204,228,0,0,0,,,Shed,350,11,2009,WD,Normal
8,9,129900,7,0,468,2,8,1931,1950,2,50,RM,51,6120,Pave,,Reg,Lvl,AllPub,Inside,Gtl,OldTown,Artery,Norm,1Fam,1.5Fin,5,Gable,CompShg,BrkFace,Wd Shng,None,TA,TA,BrkTil,TA,TA,No,Unf,0,Unf,0,952,952,GasA,Gd,Y,FuseF,1022,752,0,1774,0,0,0,2,TA,Min1,2,TA,Detchd,1931,Unf,2,Fa,TA,Y,90,0,205,0,0,0,,,,0,4,2008,WD,Abnorml
9,10,118000,5,0,205,1,5,1939,1950,2,190,RL,50,7420,Pave,,Reg,Lvl,AllPub,Corner,Gtl,BrkSide,Artery,Artery,2fmCon,1.5Unf,6,Gable,CompShg,MetalSd,MetalSd,None,TA,TA,BrkTil,TA,TA,No,GLQ,851,Unf,0,140,991,GasA,Ex,Y,SBrkr,1077,0,0,1077,1,0,0,2,TA,Typ,2,TA,Attchd,1939,RFn,1,Gd,TA,Y,0,4,0,0,0,0,,,,0,1,2008,WD,Normal
10,11,129500,5,0,384,1,5,1965,1965,3,20,RL,70,11200,Pave,,Reg,Lvl,AllPub,Inside,Gtl,Sawyer,Norm,Norm,1Fam,1Story,5,Hip,CompShg,HdBoard,HdBoard,None,TA,TA,CBlock,TA,TA,No,Rec,906,Unf,0,134,1040,GasA,Ex,Y,SBrkr,1040,0,0,1040,1,0,0,1,TA,Typ,0,,Detchd,1965,Unf,1,TA,TA,Y,0,0,0,0,0,0,,,,0,2,2008,WD,Normal
11,12,345000,9,286,736,3,11,2005,2006,4,60,RL,85,11924,Pave,,IR1,Lvl,AllPub,Inside,Gtl,NridgHt,Norm,Norm,1Fam,2Story,5,Hip,CompShg,WdShing,Wd Shng,Stone,Ex,TA,PConc,Ex,TA,No,GLQ,998,Unf,0,177,1175,GasA,Ex,Y,SBrkr,1182,1142,0,2324,1,0,0,1,Ex,Typ,2,Gd,BuiltIn,2005,Fin,3,TA,TA,Y,147,21,0,0,0,0,,,,0,7,2006,New,Partial
12,13,144000,5,0,352,1,4,1962,1962,2,20,RL,,12968,Pave,,IR2,Lvl,AllPub,Inside,Gtl,Sawyer,Norm,Norm,1Fam,1Story,6,Hip,CompShg,HdBoard,Plywood,None,TA,TA,CBlock,TA,TA,No,ALQ,737,Unf,0,175,912,GasA,TA,Y,SBrkr,912,0,0,912,1,0,0,1,TA,Typ,0,,Detchd,1962,Unf,1,TA,TA,Y,140,0,0,0,176,0,,,,0,9,2008,WD,Normal
13,14,279500,7,306,840,2,7,2006,2007,3,20,RL,91,10652,Pave,,IR1,Lvl,AllPub,Inside,Gtl,CollgCr,Norm,Norm,1Fam,1Story,5,Gable,CompShg,VinylSd,VinylSd,Stone,Gd,TA,PConc,Gd,TA,Av,Unf,0,Unf,0,1494,1494,GasA,Ex,Y,SBrkr,1494,0,0,1494,0,0,0,1,Gd,Typ,1,Gd,Attchd,2006,RFn,3,TA,TA,Y,160,33,0,0,0,0,,,,0,8,2007,New,Partial
14,15,157000,6,212,352,1,5,1960,1960,2,20,RL,,10920,Pave,,IR1,Lvl,AllPub,Corner,Gtl,NAmes,Norm,Norm,1Fam,1Story,5,Hip,CompShg,MetalSd,MetalSd,BrkFace,TA,TA,CBlock,TA,TA,No,BLQ,733,Unf,0,520,1253,GasA,TA,Y,SBrkr,1253,0,0,1253,1,0,1,1,TA,Typ,1,Fa,Attchd,1960,RFn,1,TA,TA,Y,0,213,176,0,0,0,,GdWo,,0,5,2008,WD,Normal
15,16,132000,7,0,576,1,5,1929,2001,2,45,RM,51,6120,Pave,,Reg,Lvl,AllPub,Corner,Gtl,BrkSide,Norm,Norm,1Fam,1.5Unf,8,Gable,CompShg,Wd Sdng,Wd Sdng,None,TA,TA,BrkTil,TA,TA,No,Unf,0,Unf,0,832,832,GasA,Ex,Y,FuseA,854,0,0,854,0,0,0,1,TA,Typ,0,,Detchd,1991,Unf,2,TA,TA,Y,48,112,0,0,0,0,,GdPrv,,0,7,2007,WD,Normal
16,17,149000,6,180,480,1,5,1970,1970,2,20,RL,,11241,Pave,,IR1,Lvl,AllPub,CulDSac,Gtl,NAmes,Norm,Norm,1Fam,1Story,7,Gable,CompShg,Wd Sdng,Wd Sdng,BrkFace,TA,TA,CBlock,TA,TA,No,ALQ,578,Unf,0,426,1004,GasA,Ex,Y,SBrkr,1004,0,0,1004,1,0,0,1,TA,Typ,1,TA,Attchd,1970,Fin,2,TA,TA,Y,0,0,0,0,0,0,,,Shed,700,3,2010,WD,Normal
17,18,90000,4,0,516,2,6,1967,1967,2,90,RL,72,10791,Pave,,Reg,Lvl,AllPub,Inside,Gtl,Sawyer,Norm,Norm,Duplex,1Story,5,Gable,CompShg,MetalSd,MetalSd,None,TA,TA,Slab,,,,,0,,0,0,0,GasA,TA,Y,SBrkr,1296,0,0,1296,0,0,0,2,TA,Typ,0,,CarPort,1967,Unf,2,TA,TA,Y,0,0,0,0,0,0,,,Shed,500,10,2006,WD,Normal
18,19,159000,5,0,576,1,6,2004,2004,3,20,RL,66,13695,Pave,,Reg,Lvl,AllPub,Inside,Gtl,SawyerW,RRAe,Norm,1Fam,1Story,5,Gable,CompShg,VinylSd,VinylSd,None,TA,TA,PConc,TA,TA,No,GLQ,646,Unf,0,468,1114,GasA,Ex,Y,SBrkr,1114,0,0,1114,1,0,1,1,Gd,Typ,0,,Detchd,2004,Unf,2,TA,TA,Y,0,102,0,0,0,0,,,,0,6,2008,WD,Normal
19,20,139000,5,0,294,1,6,1958,1965,3,20,RL,70,7560,Pave,,Reg,Lvl,AllPub,Inside,Gtl,NAmes,Norm,Norm,1Fam,1Story,6,Hip,CompShg,BrkFace,Plywood,None,TA,TA,CBlock,TA,TA,No,LwQ,504,Unf,0,525,1029,GasA,TA,Y,SBrkr,1339,0,0,1339,0,0,0,1,TA,Min1,0,,Attchd,1958,Unf,1,TA,TA,Y,0,0,0,0,0,0,,MnPrv,,0,5,2009,COD,Abnorml
20,21,325300,8,380,853,3,9,2005,2006,4,60,RL,101,14215,Pave,,IR1,Lvl,AllPub,Corner,Gtl,NridgHt,Norm,Norm,1Fam,2Story,5,Gable,CompShg,VinylSd,VinylSd,BrkFace,Gd,TA,PConc,Ex,TA,Av,Unf,0,Unf,0,1158,1158,GasA,Ex,Y,SBrkr,1158,1218,0,2376,0,0,1,1,Gd,Typ,1,Gd,BuiltIn,2005,RFn,3,TA,TA,Y,240,154,0,0,0,0,,,,0,11,2006,New,Partial
21,22,139400,7,0,280,1,6,1930,1950,3,45,RM,57,7449,Pave,Grvl,Reg,Bnk,AllPub,Inside,Gtl,IDOTRR,Norm,Norm,1Fam,1.5Unf,7,Gable,CompShg,Wd Sdng,Wd Sdng,None,TA,TA,PConc,TA,TA,No,Unf,0,Unf,0,637,637,GasA,Ex,Y,FuseF,1108,0,0,1108,0,0,0,1,Gd,Typ,1,Gd,Attchd,1930,Unf,1,TA,TA,N,0,0,205,0,0,0,,GdPrv,,0,6,2007,WD,Normal
22,23,230000,8,281,534,2,7,2002,2002,3,20,RL,75,9742,Pave,,Reg,Lvl,AllPub,Inside,Gtl,CollgCr,Norm,Norm,1Fam,1Story,5,Hip,CompShg,VinylSd,VinylSd,BrkFace,Gd,TA,PConc,Gd,TA,No,Unf,0,Unf,0,1777,1777,GasA,Ex,Y,SBrkr,1795,0,0,1795,0,0,0,1,Gd,Typ,1,Gd,Attchd,2002,RFn,2,TA,TA,Y,171,159,0,0,0,0,,,,0,9,2008,WD,Normal
23,24,129900,5,0,572,1,6,1976,1976,3,120,RM,44,4224,Pave,,Reg,Lvl,AllPub,Inside,Gtl,MeadowV,Norm,Norm,TwnhsE,1Story,7,Gable,CompShg,CemntBd,CmentBd,None,TA,TA,PConc,Gd,TA,No,GLQ,840,Unf,0,200,1040,GasA,TA,Y,SBrkr,1060,0,0,1060,1,0,0,1,TA,Typ,1,TA,Attchd,1976,Unf,2,TA,TA,Y,100,110,0,0,0,0,,,,0,6,2007,WD,Normal
24,25,154000,5,0,270,1,6,1968,2001,3,20,RL,,8246,Pave,,IR1,Lvl,AllPub,Inside,Gtl,Sawyer,Norm,Norm,1Fam,1Story,8,Gable,CompShg,Plywood,Plywood,None,TA,Gd,CBlock,TA,TA,Mn,Rec,188,ALQ,668,204,1060,GasA,Ex,Y,SBrkr,1060,0,0,1060,1,0,0,1,Gd,Typ,1,TA,Attchd,1968,Unf,1,TA,TA,Y,406,90,0,0,0,0,,MnPrv,,0,5,2010,WD,Normal
25,26,256300,8,640,890,2,7,2007,2007,3,20,RL,110,14230,Pave,,Reg,Lvl,AllPub,Corner,Gtl,NridgHt,Norm,Norm,1Fam,1Story,5,Gable,CompShg,VinylSd,VinylSd,Stone,Gd,TA,PConc,Gd,TA,No,Unf,0,Unf,0,1566,1566,GasA,Ex,Y,SBrkr,1600,0,0,1600,0,0,0,1,Gd,Typ,1,Gd,Attchd,2007,RFn,3,TA,TA,Y,0,56,0,0,0,0,,,,0,7,2009,WD,Normal
26,27,134800,5,0,576,1,5,1951,2000,3,20,RL,60,7200,Pave,,Reg,Lvl,AllPub,Corner,Gtl,NAmes,Norm,Norm,1Fam,1Story,7,Gable,CompShg,Wd Sdng,Wd Sdng,None,TA,TA,CBlock,TA,TA,Mn,BLQ,234,Rec,486,180,900,GasA,TA,Y,SBrkr,900,0,0,900,0,1,0,1,Gd,Typ,0,,Detchd,2005,Unf,2,TA,TA,Y,222,32,0,0,0,0,,,,0,5,2010,WD,Normal
27,28,306000,8,200,772,2,7,2007,2008,3,20,RL,98,11478,Pave,,Reg,Lvl,AllPub,Inside,Gtl,NridgHt,Norm,Norm,1Fam,1Story,5,Gable,CompShg,VinylSd,VinylSd,Stone,Gd,TA,PConc,Ex,TA,No,GLQ,1218,Unf,0,486,1704,GasA,Ex,Y,SBrkr,1704,0,0,1704,1,0,0,1,Gd,Typ,1,Gd,Attchd,2008,RFn,3,TA,TA,Y,0,50,0,0,0,0,,,,0,5,2010,WD,Normal
28,29,207500,5,0,319,1,6,1957,1997,2,20,RL,47,16321,Pave,,IR1,Lvl,AllPub,CulDSac,Gtl,NAmes,Norm,Norm,1Fam,1Story,6,Gable,CompShg,MetalSd,MetalSd,None,TA,TA,CBlock,TA,TA,Gd,BLQ,1277,Unf,0,207,1484,GasA,TA,Y,SBrkr,1600,0,0,1600,1,0,0,1,TA,Typ,2,Gd,Attchd,1957,RFn,1,TA,TA,Y,288,258,0,0,0,0,,,,0,12,2006,WD,Normal
29,30,68500,4,0,240,1,4,1927,1950,1,30,RM,60,6324,Pave,,IR1,Lvl,AllPub,Inside,Gtl,BrkSide,Feedr,RRNn,1Fam,1Story,6,Gable,CompShg,MetalSd,MetalSd,None,TA,TA,BrkTil,TA,TA,No,Unf,0,Unf,0,520,520,GasA,Fa,N,SBrkr,520,0,0,520,0,0,0,1,Fa,Typ,0,,Detchd,1920,Unf,1,Fa,TA,Y,49,0,87,0,0,0,,,,0,5,2008,WD,Normal
30,31,40000,4,0,250,1,6,1920,1950,3,70,C (all),50,8500,Pave,Pave,Reg,Lvl,AllPub,Inside,Gtl,IDOTRR,Feedr,Norm,1Fam,2Story,4,Gambrel,CompShg,BrkFace,BrkFace,None,TA,Fa,BrkTil,TA,TA,No,Unf,0,Unf,0,649,649,GasA,TA,N,SBrkr,649,668,0,1317,0,0,0,1,TA,Typ,0,,Detchd,1920,Unf,1,TA,Fa,N,0,54,172,0,0,0,,MnPrv,,0,7,2008,WD,Normal
31,32,149350,5,0,271,1,6,1966,2006,3,20,RL,,8544,Pave,,IR1,Lvl,AllPub,CulDSac,Gtl,Sawyer,Norm,Norm,1Fam,1Story,6,Gable,CompShg,HdBoard,HdBoard,None,TA,TA,CBlock,TA,TA,No,Unf,0,Unf,0,1228,1228,GasA,Gd,Y,SBrkr,1228,0,0,1228,0,0,1,1,Gd,Typ,0,,Attchd,1966,Unf,1,TA,TA,Y,0,65,0,0,0,0,,MnPrv,,0,6,2008,WD,Normal
32,33,179900,8,0,484,2,7,2007,2007,3,20,RL,85,11049,Pave,,Reg,Lvl,AllPub,Corner,Gtl,CollgCr,Norm,Norm,1Fam,1Story,5,Gable,CompShg,VinylSd,VinylSd,None,Gd,TA,PConc,Ex,TA,Av,Unf,0,Unf,0,1234,1234,GasA,Ex,Y,SBrkr,1234,0,0,1234,0,0,0,1,Gd,Typ,0,,Attchd,2007,RFn,2,TA,TA,Y,0,30,0,0,0,0,,,,0,1,2008,WD,Normal
33,34,165500,5,0,447,1,6,1959,1959,4,20,RL,70,10552,Pave,,IR1,Lvl,AllPub,Inside,Gtl,NAmes,Norm,Norm,1Fam,1Story,5,Hip,CompShg,BrkFace,BrkFace,None,TA,TA,CBlock,TA,TA,No,Rec,1018,Unf,0,380,1398,GasA,Gd,Y,SBrkr,1700,0,0,1700,0,1,1,1,Gd,Typ,1,Gd,Attchd,1959,RFn,2,TA,TA,Y,0,38,0,0,0,0,,,,0,4,2010,WD,Normal
34,35,277500,9,246,556,2,6,2005,2005,2,120,RL,60,7313,Pave,,Reg,Lvl,AllPub,Inside,Gtl,NridgHt,Norm,Norm,TwnhsE,1Story,5,Hip,CompShg,MetalSd,MetalSd,BrkFace,Ex,TA,PConc,Ex,TA,No,GLQ,1153,Unf,0,408,1561,GasA,Ex,Y,SBrkr,1561,0,0,1561,1,0,0,1,Ex,Typ,1,Gd,Attchd,2005,Fin,2,TA,TA,Y,203,47,0,0,0,0,,,,0,8,2007,WD,Normal
35,36,309000,8,132,691,3,9,2004,2005,4,60,RL,108,13418,Pave,,Reg,Lvl,AllPub,Inside,Gtl,NridgHt,Norm,Norm,1Fam,2Story,5,Gable,CompShg,VinylSd,VinylSd,Stone,Gd,TA,PConc,Ex,TA,Av,Unf,0,Unf,0,1117,1117,GasA,Ex,Y,SBrkr,1132,1320,0,2452,0,0,1,1,Gd,Typ,1,Gd,BuiltIn,2004,Fin,3,TA,TA,Y,113,32,0,0,0,0,,,,0,9,2006,WD,Normal
36,37,145000,5,0,672,1,6,1994,1995,3,20,RL,112,10859,Pave,,Reg,Lvl,AllPub,Corner,Gtl,CollgCr,Norm,Norm,1Fam,1Story,5,Gable,CompShg,VinylSd,VinylSd,None,TA,TA,PConc,Gd,TA,No,Unf,0,Unf,0,1097,1097,GasA,Ex,Y,SBrkr,1097,0,0,1097,0,0,1,1,TA,Typ,0,,Attchd,1995,Unf,2,TA,TA,Y,392,64,0,0,0,0,,,,0,6,2009,WD,Normal
37,38,153000,5,650,498,1,5,1954,1990,3,20,RL,74,8532,Pave,,Reg,Lvl,AllPub,Inside,Gtl,NAmes,Norm,Norm,1Fam,1Story,6,Hip,CompShg,Wd Sdng,Wd Sdng,BrkFace,TA,TA,CBlock,TA,TA,No,Rec,1213,Unf,0,84,1297,GasA,Gd,Y,SBrkr,1297,0,0,1297,0,1,0,1,TA,Typ,1,TA,Attchd,1954,Fin,2,TA,TA,Y,0,0,0,0,0,0,,,,0,10,2009,WD,Normal
38,39,109000,5,0,246,1,5,1953,2007,3,20,RL,68,7922,Pave,,Reg,Lvl,AllPub,Inside,Gtl,NAmes,Norm,Norm,1Fam,1Story,7,Gable,CompShg,VinylSd,VinylSd,None,TA,Gd,CBlock,TA,TA,No,GLQ,731,Unf,0,326,1057,GasA,TA,Y,SBrkr,1057,0,0,1057,1,0,0,1,Gd,Typ,0,,Detchd,1953,Unf,1,TA,TA,Y,0,52,0,0,0,0,,,,0,1,2010,WD,Abnorml
39,40,82000,4,0,0,2,6,1955,1955,2,90,RL,65,6040,Pave,,Reg,Lvl,AllPub,Inside,Gtl,Edwards,Norm,Norm,Duplex,1Story,5,Gable,CompShg,AsbShng,Plywood,None,TA,TA,PConc,,,,,0,,0,0,0,GasA,TA,N,FuseP,1152,0,0,1152,0,0,0,2,Fa,Typ,0,,,,,0,,,N,0,0,0,0,0,0,,,,0,6,2008,WD,AdjLand
40,41,160000,6,101,440,2,6,1965,1965,3,20,RL,84,8658,Pave,,Reg,Lvl,AllPub,Inside,Gtl,NAmes,Norm,Norm,1Fam,1Story,5,Gable,CompShg,Wd Sdng,Wd Sdng,BrkFace,TA,TA,CBlock,TA,TA,No,Rec,643,Unf,0,445,1088,GasA,Ex,Y,SBrkr,1324,0,0,1324,0,0,0,1,TA,Typ,1,TA,Attchd,1965,RFn,2,TA,TA,Y,0,138,0,0,0,0,,GdWo,,0,12,2006,WD,Abnorml
41,42,170000,5,0,308,1,5,1959,1959,2,20,RL,115,16905,Pave,,Reg,Lvl,AllPub,Inside,Gtl,Timber,Norm,Norm,1Fam,1Story,6,Gable,CompShg,VinylSd,VinylSd,None,TA,Gd,CBlock,TA,TA,Gd,BLQ,967,Unf,0,383,1350,GasA,Gd,Y,SBrkr,1328,0,0,1328,0,1,1,1,TA,Typ,2,Gd,Attchd,1959,RFn,1,TA,TA,P,0,104,0,0,0,0,,,,0,7,2007,WD,Normal
42,43,144000,5,0,504,1,5,1983,1983,2,85,RL,,9180,Pave,,IR1,Lvl,AllPub,CulDSac,Gtl,SawyerW,Norm,Norm,1Fam,SFoyer,7,Gable,CompShg,HdBoard,HdBoard,None,TA,TA,CBlock,Gd,TA,Av,ALQ,747,LwQ,93,0,840,GasA,Gd,Y,SBrkr,884,0,0,884,1,0,0,1,Gd,Typ,0,,Attchd,1983,RFn,2,TA,Gd,Y,240,0,0,0,0,0,,MnPrv,,0,12,2007,WD,Normal
43,44,130250,5,0,308,1,5,1975,1980,3,20,RL,,9200,Pave,,IR1,Lvl,AllPub,CulDSac,Gtl,CollgCr,Norm,Norm,1Fam,1Story,6,Hip,CompShg,VinylSd,VinylSd,None,TA,TA,CBlock,Gd,TA,Av,LwQ,280,BLQ,491,167,938,GasA,TA,Y,SBrkr,938,0,0,938,1,0,0,1,TA,Typ,0,,Detchd,1977,Unf,1,TA,TA,Y,145,0,0,0,0,0,,MnPrv,,0,7,2008,WD,Normal
44,45,141000,5,0,300,1,6,1959,1959,3,20,RL,70,7945,Pave,,Reg,Lvl,AllPub,Inside,Gtl,NAmes,Norm,Norm,1Fam,1Story,6,Gable,CompShg,BrkFace,Wd Sdng,None,TA,TA,CBlock,TA,TA,No,ALQ,179,BLQ,506,465,1150,GasA,Ex,Y,FuseA,1150,0,0,1150,1,0,0,1,TA,Typ,0,,Attchd,1959,RFn,1,TA,TA,Y,0,0,0,0,0,0,,,,0,5,2006,WD,Normal
45,46,319900,9,412,576,2,6,2005,2005,2,120,RL,61,7658,Pave,,Reg,Lvl,AllPub,Inside,Gtl,NridgHt,Norm,Norm,TwnhsE,1Story,5,Hip,CompShg,MetalSd,MetalSd,BrkFace,Ex,TA,PConc,Ex,TA,No,GLQ,456,Unf,0,1296,1752,GasA,Ex,Y,SBrkr,1752,0,0,1752,1,0,0,1,Ex,Typ,1,Gd,Attchd,2005,RFn,2,TA,TA,Y,196,82,0,0,0,0,,,,0,2,2010,WD,Normal
46,47,239686,7,0,670,1,6,2003,2003,1,50,RL,48,12822,Pave,,IR1,Lvl,AllPub,CulDSac,Gtl,Mitchel,Norm,Norm,1Fam,1.5Fin,5,Gable,CompShg,VinylSd,VinylSd,None,Gd,TA,PConc,Ex,TA,No,GLQ,1351,Unf,0,83,1434,GasA,Ex,Y,SBrkr,1518,631,0,2149,1,0,1,1,Gd,Typ,1,Ex,Attchd,2003,RFn,2,TA,TA,Y,168,43,0,0,198,0,,,,0,8,2009,WD,Abnorml
47,48,249700,8,0,826,2,7,2006,2006,3,20,FV,84,11096,Pave,,Reg,Lvl,AllPub,Inside,Gtl,Somerst,Norm,Norm,1Fam,1Story,5,Gable,CompShg,VinylSd,VinylSd,None,Gd,TA,PConc,Gd,TA,Av,GLQ,24,Unf,0,1632,1656,GasA,Ex,Y,SBrkr,1656,0,0,1656,0,0,0,1,Gd,Typ,0,,Attchd,2006,RFn,3,TA,TA,Y,0,146,0,0,0,0,,,,0,7,2007,WD,Normal
48,49,113000,4,0,0,2,8,1920,2008,2,190,RM,33,4456,Pave,,Reg,Lvl,AllPub,Inside,Gtl,OldTown,Norm,Norm,2fmCon,2Story,5,Gable,CompShg,MetalSd,MetalSd,None,TA,TA,BrkTil,TA,TA,No,Unf,0,Unf,0,736,736,GasA,Gd,Y,SBrkr,736,716,0,1452,0,0,0,3,TA,Typ,0,,,,,0,,,N,0,0,102,0,0,0,,,,0,6,2009,New,Partial
49,50,127000,5,0,386,1,6,1966,1966,3,20,RL,66,7742,Pave,,Reg,Lvl,AllPub,Inside,Gtl,Sawyer,Norm,Norm,1Fam,1Story,7,Gable,CompShg,HdBoard,HdBoard,None,TA,TA,CBlock,TA,TA,No,BLQ,763,Unf,0,192,955,GasA,Ex,Y,SBrkr,955,0,0,955,1,0,0,1,TA,Typ,0,,Attchd,1966,Unf,1,TA,TA,Y,0,0,0,0,0,0,,MnPrv,,0,1,2007,WD,Normal
50,51,177000,6,0,388,2,6,1997,1997,3,60,RL,,13869,Pave,,IR2,Lvl,AllPub,Corner,Gtl,Gilbert,Norm,Norm,1Fam,2Story,6,Gable,CompShg,VinylSd,VinylSd,None,TA,TA,PConc,Gd,TA,Av,GLQ,182,Unf,0,612,794,GasA,Gd,Y,SBrkr,794,676,0,1470,0,1,0,1,TA,Typ,0,,Attchd,1997,Fin,2,TA,TA,Y,0,75,0,0,0,0,,,,0,7,2007,WD,Normal
51,52,114500,6,0,528,1,6,1934,1950,3,50,RM,52,6240,Pave,,Reg,Lvl,AllPub,Inside,Gtl,BrkSide,Norm,Norm,1Fam,1.5Fin,6,Gable,CompShg,Wd Sdng,Wd Sdng,None,TA,TA,PConc,TA,TA,No,Unf,0,Unf,0,816,816,GasA,TA,Y,SBrkr,816,0,360,1176,0,0,0,1,TA,Typ,1,Gd,Detchd,1985,Unf,2,TA,TA,Y,112,0,0,0,0,0,,MnPrv,Shed,400,9,2006,WD,Normal
52,53,110000,5,0,516,1,5,1963,1963,2,90,RM,110,8472,Grvl,,IR2,Bnk,AllPub,Corner,Mod,IDOTRR,RRNn,Norm,Duplex,1Story,5,Gable,CompShg,Wd Sdng,Wd Sdng,None,Fa,TA,CBlock,Gd,TA,Gd,LwQ,104,GLQ,712,0,816,GasA,TA,N,SBrkr,816,0,0,816,1,0,0,1,TA,Typ,0,,CarPort,1963,Unf,2,TA,TA,Y,106,0,0,0,0,0,,,,0,5,2010,WD,Normal
53,54,385000,9,0,894,0,5,1981,1987,0,20,RL,68,50271,Pave,,IR1,Low,AllPub,Inside,Gtl,Veenker,Norm,Norm,1Fam,1Story,5,Gable,WdShngl,WdShing,Wd Shng,None,Gd,TA,CBlock,Ex,TA,Gd,GLQ,1810,Unf,0,32,1842,GasA,Gd,Y,SBrkr,1842,0,0,1842,2,0,1,1,Gd,Typ,1,Gd,Attchd,1981,Fin,3,TA,TA,Y,857,72,0,0,0,0,,,,0,11,2006,WD,Normal
54,55,130000,5,0,572,1,6,1955,1955,3,80,RL,60,7134,Pave,,Reg,Bnk,AllPub,Inside,Mod,NAmes,Norm,Norm,1Fam,SLvl,5,Gable,CompShg,MetalSd,MetalSd,None,TA,TA,CBlock,TA,TA,No,ALQ,384,Unf,0,0,384,GasA,TA,Y,SBrkr,1360,0,0,1360,0,0,0,1,TA,Min1,1,TA,Detchd,1962,Unf,2,TA,TA,Y,0,50,0,0,0,0,,MnPrv,,0,2,2007,WD,Normal
55,56,180500,6,272,576,2,7,1964,1964,3,20,RL,100,10175,Pave,,IR1,Lvl,AllPub,Inside,Gtl,NAmes,Norm,Norm,1Fam,1Story,5,Gable,CompShg,HdBoard,Plywood,BrkFace,TA,TA,CBlock,TA,TA,No,BLQ,490,Unf,0,935,1425,GasA,Gd,Y,SBrkr,1425,0,0,1425,0,0,0,1,TA,Typ,1,Gd,Attchd,1964,RFn,2,TA,TA,Y,0,0,0,407,0,0,,,,0,7,2008,WD,Normal
56,57,172500,8,456,480,2,7,1999,2000,3,160,FV,24,2645,Pave,Pave,Reg,Lvl,AllPub,Inside,Gtl,Somerst,Norm,Norm,Twnhs,2Story,5,Gable,CompShg,MetalSd,MetalSd,BrkFace,Gd,TA,PConc,Gd,TA,No,GLQ,649,Unf,0,321,970,GasA,Ex,Y,SBrkr,983,756,0,1739,1,0,1,1,Gd,Typ,0,,Attchd,1999,Fin,2,TA,TA,Y,115,0,0,0,0,0,,,,0,8,2009,WD,Abnorml
57,58,196500,7,0,565,2,7,2004,2004,3,60,RL,89,11645,Pave,,IR1,Lvl,AllPub,Corner,Gtl,CollgCr,Norm,Norm,1Fam,2Story,5,Gable,CompShg,VinylSd,VinylSd,None,Gd,TA,PConc,Gd,TA,No,Unf,0,Unf,0,860,860,GasA,Ex,Y,SBrkr,860,860,0,1720,0,0,1,1,Gd,Typ,0,,Attchd,2004,RFn,2,TA,TA,Y,0,70,0,0,0,0,,,,0,8,2006,WD,Normal
58,59,438780,10,1031,641,3,10,2006,2006,3,60,RL,66,13682,Pave,,IR2,HLS,AllPub,CulDSac,Gtl,StoneBr,Norm,Norm,1Fam,2Story,5,Hip,CompShg,VinylSd,VinylSd,BrkFace,Ex,TA,PConc,Ex,TA,Gd,Unf,0,Unf,0,1410,1410,GasA,Ex,Y,SBrkr,1426,1519,0,2945,0,0,1,1,Gd,Typ,1,Gd,BuiltIn,2006,Fin,3,TA,TA,Y,192,0,37,0,0,0,,,,0,10,2006,New,Partial
59,60,124900,5,0,352,1,4,1972,1972,2,20,RL,60,7200,Pave,,Reg,Bnk,AllPub,Inside,Gtl,CollgCr,Norm,Norm,1Fam,1Story,7,Gable,CompShg,HdBoard,HdBoard,None,TA,TA,CBlock,TA,TA,Av,ALQ,632,Unf,0,148,780,GasA,Ex,Y,SBrkr,780,0,0,780,0,0,0,1,TA,Typ,0,,Detchd,1973,Unf,1,TA,TA,Y,196,0,0,0,0,0,,MnPrv,,0,1,2008,WD,Normal
60,61,158000,6,0,576,1,5,2004,2004,3,20,RL,63,13072,Pave,,Reg,Lvl,AllPub,Inside,Gtl,SawyerW,RRAe,Norm,1Fam,1Story,5,Gable,CompShg,VinylSd,VinylSd,None,TA,TA,PConc,Gd,TA,No,ALQ,941,Unf,0,217,1158,GasA,Ex,Y,SBrkr,1158,0,0,1158,1,0,1,1,Gd,Typ,0,,Detchd,2006,Unf,2,TA,TA,Y,0,50,0,0,0,0,,,,0,5,2006,New,Partial
61,62,101000,5,0,288,1,6,1920,1996,3,75,RM,60,7200,Pave,,Reg,Lvl,AllPub,Inside,Gtl,IDOTRR,Norm,Norm,1Fam,2.5Unf,7,Gable,CompShg,MetalSd,MetalSd,None,TA,TA,BrkTil,TA,Fa,No,Unf,0,Unf,0,530,530,GasA,TA,N,SBrkr,581,530,0,1111,0,0,0,1,Fa,Typ,0,,Detchd,1935,Unf,1,TA,TA,N,0,0,144,0,0,0,,,,0,3,2007,WD,Normal
62,63,202500,8,178,484,2,6,2006,2006,2,120,RL,44,6442,Pave,,IR1,Lvl,AllPub,Inside,Gtl,NridgHt,Norm,Norm,TwnhsE,1Story,5,Gable,CompShg,VinylSd,VinylSd,Stone,Gd,TA,PConc,Gd,Gd,Mn,GLQ,24,Unf,0,1346,1370,GasA,Ex,Y,SBrkr,1370,0,0,1370,0,0,0,1,Gd,Typ,1,Gd,Attchd,2006,RFn,2,TA,TA,Y,120,49,0,0,0,0,,,,0,10,2007,WD,Normal
63,64,140000,7,0,480,2,9,1921,1950,3,70,RM,50,10300,Pave,,IR1,Bnk,AllPub,Inside,Gtl,OldTown,RRAn,Feedr,1Fam,2Story,6,Gable,CompShg,Stucco,Stucco,None,TA,TA,BrkTil,TA,TA,No,Unf,0,Unf,0,576,576,GasA,Gd,Y,SBrkr,902,808,0,1710,0,0,0,1,TA,Typ,0,,Detchd,1990,Unf,2,TA,TA,Y,12,11,64,0,0,0,,GdPrv,,0,4,2010,WD,Normal
64,65,219500,7,573,645,2,8,1997,1998,3,60,RL,,9375,Pave,,Reg,Lvl,AllPub,Inside,Gtl,CollgCr,Norm,Norm,1Fam,2Story,5,Gable,CompShg,VinylSd,VinylSd,BrkFace,TA,TA,PConc,Gd,TA,No,GLQ,739,Unf,0,318,1057,GasA,Ex,Y,SBrkr,1057,977,0,2034,1,0,1,1,Gd,Typ,0,,Attchd,1998,RFn,2,TA,TA,Y,576,36,0,0,0,0,,GdPrv,,0,2,2009,WD,Normal
65,66,317000,8,344,852,2,9,2004,2005,4,60,RL,76,9591,Pave,,Reg,Lvl,AllPub,Inside,Gtl,NridgHt,Norm,Norm,1Fam,2Story,5,Gable,CompShg,VinylSd,VinylSd,BrkFace,Gd,TA,PConc,Ex,TA,Av,Unf,0,Unf,0,1143,1143,GasA,Ex,Y,SBrkr,1143,1330,0,2473,0,0,1,1,Gd,Typ,1,Gd,BuiltIn,2004,RFn,3,TA,TA,Y,192,151,0,0,0,0,,,,0,10,2007,WD,Normal
66,67,180000,7,287,576,2,7,1970,1989,3,20,RL,,19900,Pave,,Reg,Lvl,AllPub,Inside,Gtl,NAmes,PosA,Norm,1Fam,1Story,5,Gable,CompShg,Plywood,Plywood,BrkFace,TA,TA,CBlock,Gd,TA,Gd,GLQ,912,Unf,0,1035,1947,GasA,TA,Y,SBrkr,2207,0,0,2207,1,0,0,1,TA,Min1,1,Gd,Attchd,1970,RFn,2,TA,TA,Y,301,0,0,0,0,0,,,,0,7,2010,WD,Normal
67,68,226000,7,167,558,2,7,2003,2003,3,20,RL,72,10665,Pave,,IR1,Lvl,AllPub,Inside,Gtl,CollgCr,Norm,Norm,1Fam,1Story,5,Gable,CompShg,VinylSd,VinylSd,BrkFace,Gd,TA,PConc,Gd,TA,Av,GLQ,1013,Unf,0,440,1453,GasA,Ex,Y,SBrkr,1479,0,0,1479,1,0,0,1,Gd,Typ,0,,Attchd,2003,RFn,2,TA,TA,Y,144,29,0,0,0,0,,,,0,6,2007,WD,Normal
68,69,80000,4,0,220,1,4,1945,1950,2,30,RM,47,4608,Pave,,Reg,Lvl,AllPub,Corner,Gtl,OldTown,Artery,Norm,1Fam,1Story,6,Gable,CompShg,MetalSd,MetalSd,None,TA,Gd,CBlock,TA,TA,No,Unf,0,Unf,0,747,747,GasA,TA,Y,SBrkr,747,0,0,747,0,0,0,1,TA,Typ,0,,Attchd,1945,Unf,1,TA,TA,Y,0,0,0,0,0,0,,,,0,6,2010,WD,Normal
69,70,225000,7,0,667,2,7,1953,1953,3,50,RL,81,15593,Pave,,Reg,Lvl,AllPub,Corner,Gtl,ClearCr,Norm,Norm,1Fam,1.5Fin,4,Gable,CompShg,BrkFace,AsbShng,None,Gd,TA,CBlock,TA,TA,No,BLQ,603,Unf,0,701,1304,GasW,TA,Y,SBrkr,1304,983,0,2287,0,0,0,1,TA,Typ,1,TA,Attchd,1953,Fin,2,TA,TA,Y,0,21,114,0,0,0,,,,0,7,2006,WD,Normal
70,71,244000,7,1115,516,2,8,1973,1973,3,20,RL,95,13651,Pave,,IR1,Lvl,AllPub,Inside,Gtl,NAmes,Norm,Norm,1Fam,1Story,6,Gable,CompShg,Plywood,Plywood,BrkFace,TA,Gd,CBlock,Gd,TA,Gd,ALQ,1880,Unf,0,343,2223,GasA,Ex,Y,SBrkr,2223,0,0,2223,1,0,0,1,TA,Typ,2,Gd,Attchd,1973,Fin,2,TA,TA,Y,300,0,0,0,0,0,,,,0,2,2007,WD,Normal
71,72,129500,4,0,360,1,4,1982,2006,2,20,RL,69,7599,Pave,,Reg,Lvl,AllPub,Corner,Gtl,Mitchel,Norm,Norm,1Fam,1Story,6,Gable,CompShg,HdBoard,Plywood,None,TA,TA,CBlock,TA,TA,No,ALQ,565,Unf,0,280,845,GasA,TA,Y,SBrkr,845,0,0,845,1,0,0,1,TA,Typ,0,,Detchd,1987,Unf,2,TA,TA,Y,0,0,0,0,0,0,,,,0,6,2007,WD,Normal
72,73,185000,7,40,427,2,7,1998,1998,3,60,RL,74,10141,Pave,,IR1,Lvl,AllPub,Corner,Gtl,Gilbert,Norm,Norm,1Fam,2Story,5,Gable,CompShg,VinylSd,VinylSd,BrkFace,TA,TA,PConc,Gd,TA,No,Unf,0,Unf,0,832,832,GasA,Gd,Y,SBrkr,885,833,0,1718,0,0,1,1,TA,Typ,1,TA,Attchd,1998,Fin,2,TA,TA,Y,0,94,0,0,291,0,,,,0,12,2009,WD,Normal
73,74,144900,5,104,490,1,6,1954,2003,3,20,RL,85,10200,Pave,,Reg,Lvl,AllPub,Inside,Gtl,NAmes,Norm,Norm,1Fam,1Story,7,Gable,CompShg,Wd Sdng,Wd Sdng,BrkFace,TA,TA,CBlock,TA,TA,No,ALQ,320,BLQ,362,404,1086,GasA,Gd,Y,SBrkr,1086,0,0,1086,1,0,0,1,TA,Typ,0,,Attchd,1989,Unf,2,TA,TA,Y,0,0,0,0,0,0,,GdWo,,0,5,2010,WD,Normal
74,75,107400,3,0,379,2,8,1915,1950,3,50,RM,60,5790,Pave,,Reg,Lvl,AllPub,Corner,Gtl,OldTown,Norm,Norm,1Fam,2Story,6,Gambrel,CompShg,VinylSd,VinylSd,None,Gd,Gd,CBlock,Fa,TA,No,Unf,0,Unf,0,840,840,GasA,Gd,N,SBrkr,840,765,0,1605,0,0,0,2,TA,Typ,0,,Detchd,1915,Unf,1,TA,TA,Y,0,0,202,0,0,0,,,,0,5,2010,WD,Normal
75,76,91000,4,0,297,1,5,1973,1973,2,180,RM,21,1596,Pave,,Reg,Lvl,AllPub,Inside,Gtl,MeadowV,Norm,Norm,Twnhs,SLvl,5,Gable,CompShg,CemntBd,CmentBd,None,TA,TA,CBlock,Gd,TA,Gd,GLQ,462,Unf,0,0,462,GasA,TA,Y,SBrkr,526,462,0,988,1,0,0,1,TA,Typ,0,,BuiltIn,1973,Unf,1,TA,TA,Y,120,101,0,0,0,0,,GdWo,,0,11,2009,WD,Normal
76,77,135750,4,0,283,1,4,1956,1956,2,20,RL,,8475,Pave,,IR1,Lvl,AllPub,Inside,Gtl,NAmes,Norm,Norm,1Fam,1Story,7,Gable,CompShg,VinylSd,VinylSd,None,TA,TA,CBlock,TA,TA,No,ALQ,228,Unf,0,724,952,GasA,Ex,Y,FuseA,952,0,0,952,0,0,0,1,TA,Typ,0,,Detchd,1956,Unf,1,TA,TA,Y,0,0,0,0,0,0,,,,0,4,2008,WD,Normal
77,78,127000,5,0,240,1,6,1948,2001,2,50,RM,50,8635,Pave,,Reg,Lvl,AllPub,Inside,Gtl,BrkSide,Norm,Norm,1Fam,1.5Fin,5,Gable,CompShg,Wd Sdng,Wd Sdng,None,TA,TA,CBlock,TA,TA,No,BLQ,336,GLQ,41,295,672,GasA,TA,Y,SBrkr,1072,213,0,1285,1,0,0,1,TA,Min1,0,,Detchd,1948,Unf,1,TA,TA,Y,0,0,0,0,0,0,,MnPrv,,0,1,2008,WD,Normal
78,79,136500,4,0,0,2,8,1968,1968,4,90,RL,72,10778,Pave,,Reg,Lvl,AllPub,Inside,Gtl,Sawyer,Norm,Norm,Duplex,1Story,5,Hip,CompShg,HdBoard,HdBoard,None,TA,TA,CBlock,TA,TA,No,Unf,0,Unf,0,1768,1768,GasA,TA,N,SBrkr,1768,0,0,1768,0,0,0,2,TA,Typ,0,,,,,0,,,Y,0,0,0,0,0,0,,,,0,4,2010,WD,Normal
79,80,110000,5,0,440,1,5,1910,1981,2,50,RM,60,10440,Pave,Grvl,Reg,Lvl,AllPub,Corner,Gtl,OldTown,Norm,Norm,1Fam,2Story,6,Gable,CompShg,Wd Sdng,Wd Sdng,None,TA,TA,PConc,TA,TA,No,Unf,0,Unf,0,440,440,GasA,Gd,Y,SBrkr,682,548,0,1230,0,0,1,1,TA,Typ,0,,Detchd,1966,Unf,2,TA,TA,Y,74,0,128,0,0,0,,MnPrv,,0,5,2009,WD,Normal
80,81,193500,6,576,509,2,8,1968,1968,4,60,RL,100,13000,Pave,,Reg,Lvl,AllPub,Corner,Gtl,NAmes,Norm,Norm,1Fam,2Story,6,Gable,CompShg,VinylSd,VinylSd,BrkFace,TA,Gd,CBlock,Gd,TA,No,Rec,448,Unf,0,448,896,GasA,TA,Y,SBrkr,1182,960,0,2142,0,0,1,1,Gd,Typ,1,Gd,Attchd,1968,Fin,1,TA,TA,Y,0,72,0,0,252,0,,,,0,6,2009,WD,Normal
81,82,153500,6,443,405,2,5,1998,1998,2,120,RM,32,4500,Pave,,Reg,Lvl,AllPub,FR2,Gtl,Mitchel,Norm,Norm,TwnhsE,1Story,5,Hip,CompShg,VinylSd,VinylSd,BrkFace,TA,Gd,PConc,Ex,Gd,No,GLQ,1201,Unf,0,36,1237,GasA,Ex,Y,SBrkr,1337,0,0,1337,1,0,0,1,TA,Typ,0,,Attchd,1998,Fin,2,TA,TA,Y,0,199,0,0,0,0,,,,0,3,2006,WD,Normal
82,83,245000,8,468,758,2,6,2007,2007,3,20,RL,78,10206,Pave,,Reg,Lvl,AllPub,Inside,Gtl,Somerst,Norm,Norm,1Fam,1Story,5,Gable,CompShg,VinylSd,VinylSd,Stone,TA,TA,PConc,Gd,TA,No,GLQ,33,Unf,0,1530,1563,GasA,Ex,Y,SBrkr,1563,0,0,1563,0,0,0,1,Gd,Typ,1,Gd,Attchd,2007,RFn,3,TA,TA,Y,144,99,0,0,0,0,,,,0,10,2008,WD,Normal
83,84,126500,5,66,461,1,6,1960,1960,3,20,RL,80,8892,Pave,,IR1,Lvl,AllPub,Inside,Gtl,NAmes,Norm,Norm,1Fam,1Story,5,Gable,CompShg,MetalSd,MetalSd,BrkCmn,TA,TA,CBlock,TA,TA,No,Unf,0,Unf,0,1065,1065,GasA,Gd,Y,SBrkr,1065,0,0,1065,0,0,1,1,TA,Typ,0,,Detchd,1974,Unf,2,TA,TA,Y,74,0,0,0,0,0,,,,0,7,2007,COD,Normal
84,85,168500,7,22,400,2,7,1995,1996,3,80,RL,,8530,Pave,,IR1,Lvl,AllPub,Inside,Gtl,Gilbert,Norm,Norm,1Fam,SLvl,5,Gable,CompShg,HdBoard,HdBoard,BrkFace,TA,TA,PConc,Gd,TA,No,Unf,0,Unf,0,384,384,GasA,Gd,Y,SBrkr,804,670,0,1474,0,0,1,1,TA,Typ,1,TA,BuiltIn,1995,Fin,2,TA,TA,Y,120,72,0,0,0,0,,,Shed,700,5,2009,WD,Normal
85,86,260000,8,284,462,2,9,1991,1992,4,60,RL,121,16059,Pave,,Reg,Lvl,AllPub,Corner,Gtl,NoRidge,Norm,Norm,1Fam,2Story,5,Hip,CompShg,HdBoard,HdBoard,BrkFace,Gd,TA,CBlock,Gd,TA,No,Unf,0,Unf,0,1288,1288,GasA,Ex,Y,SBrkr,1301,1116,0,2417,0,0,1,1,Gd,Typ,1,TA,Attchd,1991,Unf,2,TA,TA,Y,127,82,0,0,0,0,,,,0,4,2006,WD,Normal
86,87,174000,6,0,400,2,6,2005,2005,3,60,RL,122,11911,Pave,,IR2,Lvl,AllPub,Inside,Gtl,Gilbert,Norm,Norm,1Fam,2Story,5,Gable,CompShg,VinylSd,VinylSd,None,Gd,TA,PConc,Gd,TA,Av,Unf,0,Unf,0,684,684,GasA,Ex,Y,SBrkr,684,876,0,1560,0,0,1,1,Gd,Typ,1,Gd,BuiltIn,2005,Fin,2,TA,TA,Y,100,38,0,0,0,0,,,,0,3,2009,WD,Normal
87,88,164500,6,76,528,2,4,2009,2009,2,160,FV,40,3951,Pave,Pave,Reg,Lvl,AllPub,Corner,Gtl,Somerst,Norm,Norm,TwnhsE,2Story,5,Gable,CompShg,VinylSd,VinylSd,Stone,Gd,TA,PConc,Gd,TA,Av,Unf,0,Unf,0,612,612,GasA,Ex,Y,SBrkr,612,612,0,1224,0,0,1,1,Gd,Typ,0,,Detchd,2009,RFn,2,TA,TA,Y,0,234,0,0,0,0,,,,0,6,2009,New,Partial
88,89,85000,3,0,0,1,6,1915,1982,2,50,C (all),105,8470,Pave,,IR1,Lvl,AllPub,Corner,Gtl,IDOTRR,Feedr,Feedr,1Fam,1.5Fin,2,Hip,CompShg,Plywood,Plywood,None,Fa,Fa,CBlock,TA,Fa,No,Unf,0,Unf,0,1013,1013,GasA,TA,N,SBrkr,1013,0,513,1526,0,0,0,1,Fa,Typ,0,,,,,0,,,N,0,0,156,0,0,0,,MnPrv,,0,10,2009,ConLD,Abnorml
89,90,123600,4,0,0,1,5,1994,1995,3,20,RL,60,8070,Pave,,Reg,Lvl,AllPub,Inside,Gtl,CollgCr,Norm,Norm,1Fam,1Story,5,Gable,CompShg,VinylSd,VinylSd,None,TA,TA,PConc,Gd,TA,No,GLQ,588,Unf,0,402,990,GasA,Ex,Y,SBrkr,990,0,0,990,1,0,0,1,TA,Typ,0,,,,,0,,,Y,0,0,0,0,0,0,,,,0,8,2007,WD,Normal
90,91,109900,4,0,420,1,4,1950,1950,2,20,RL,60,7200,Pave,,Reg,Lvl,AllPub,Inside,Gtl,NAmes,Norm,Norm,1Fam,1Story,5,Gable,CompShg,BrkFace,Wd Sdng,None,TA,TA,Slab,,,,,0,,0,0,0,GasA,TA,Y,FuseA,1040,0,0,1040,0,0,0,1,TA,Typ,0,,Detchd,1950,Unf,2,TA,TA,Y,0,29,0,0,0,0,,,,0,7,2006,WD,Normal
91,92,98600,5,203,480,1,6,1961,1961,2,20,RL,85,8500,Pave,,Reg,Lvl,AllPub,Inside,Gtl,NAmes,Norm,Norm,1Fam,1Story,3,Hip,CompShg,HdBoard,HdBoard,BrkCmn,TA,TA,CBlock,TA,TA,No,Rec,600,Unf,0,635,1235,GasA,TA,Y,SBrkr,1235,0,0,1235,0,0,0,1,TA,Typ,0,,Attchd,1961,Unf,2,TA,TA,Y,0,0,0,0,0,0,,GdWo,,0,12,2006,WD,Abnorml
92,93,163500,5,0,432,1,5,1921,2006,2,30,RL,80,13360,Pave,Grvl,IR1,HLS,AllPub,Inside,Gtl,Crawfor,Norm,Norm,1Fam,1Story,7,Gable,CompShg,Wd Sdng,Wd Sdng,None,TA,Gd,BrkTil,Gd,TA,No,ALQ,713,Unf,0,163,876,GasA,Ex,Y,SBrkr,964,0,0,964,1,0,0,1,TA,Typ,0,,Detchd,1921,Unf,2,TA,TA,Y,0,0,44,0,0,0,,,,0,8,2009,WD,Normal
93,94,133900,6,0,506,2,9,1910,1998,4,190,C (all),60,7200,Pave,,Reg,Lvl,AllPub,Corner,Gtl,OldTown,Norm,Norm,2fmCon,2.5Unf,6,Hip,CompShg,MetalSd,MetalSd,None,TA,TA,BrkTil,TA,Fa,Mn,Rec,1046,Unf,0,168,1214,GasW,Ex,N,SBrkr,1260,1031,0,2291,0,1,0,2,TA,Typ,1,Gd,Detchd,1900,Unf,2,TA,TA,Y,0,0,0,0,99,0,,,,0,11,2007,WD,Normal
94,95,204750,6,0,684,2,7,1997,1997,3,60,RL,69,9337,Pave,,IR1,Lvl,AllPub,Inside,Gtl,CollgCr,Norm,Norm,1Fam,2Story,5,Gable,CompShg,VinylSd,VinylSd,None,TA,Gd,PConc,Gd,TA,No,GLQ,648,Unf,0,176,824,GasA,Ex,Y,SBrkr,905,881,0,1786,1,0,1,1,Gd,Typ,0,,Attchd,1997,RFn,2,TA,TA,Y,0,162,0,0,0,0,,,,0,5,2007,WD,Normal
95,96,185000,6,68,420,2,6,1993,1993,3,60,RL,,9765,Pave,,IR2,Lvl,AllPub,Corner,Gtl,Gilbert,Norm,Norm,1Fam,2Story,8,Gable,CompShg,VinylSd,VinylSd,BrkFace,Ex,Gd,PConc,Gd,Gd,No,ALQ,310,Unf,0,370,680,GasA,Gd,Y,SBrkr,680,790,0,1470,0,0,1,1,TA,Typ,1,TA,BuiltIn,1993,Fin,2,TA,TA,Y,232,63,0,0,0,0,,,Shed,480,4,2009,WD,Normal
96,97,214000,7,183,472,2,6,1999,1999,3,20,RL,78,10264,Pave,,IR1,Lvl,AllPub,Inside,Gtl,CollgCr,Norm,Norm,1Fam,1Story,5,Gable,CompShg,VinylSd,VinylSd,BrkFace,Gd,TA,PConc,Gd,TA,Av,ALQ,1162,Unf,0,426,1588,GasA,Ex,Y,SBrkr,1588,0,0,1588,0,0,0,1,Gd,Typ,0,,Attchd,1999,RFn,2,TA,TA,Y,158,29,0,0,0,0,,,,0,8,2006,WD,Normal
97,98,94750,4,48,432,1,6,1965,1965,3,20,RL,73,10921,Pave,,Reg,HLS,AllPub,Inside,Gtl,Edwards,Norm,Norm,1Fam,1Story,5,Hip,CompShg,HdBoard,HdBoard,BrkFace,TA,TA,CBlock,TA,TA,No,Rec,520,Unf,0,440,960,GasA,TA,Y,FuseF,960,0,0,960,1,0,0,1,TA,Typ,0,,Attchd,1965,Fin,1,TA,TA,P,120,0,0,0,0,0,,,,0,5,2007,WD,Normal
98,99,83000,5,0,366,1,5,1920,1950,2,30,RL,85,10625,Pave,,Reg,Lvl,AllPub,Corner,Gtl,Edwards,Norm,Norm,1Fam,1Story,5,Gable,CompShg,Wd Sdng,Wd Sdng,None,TA,TA,BrkTil,TA,TA,No,ALQ,108,Unf,0,350,458,GasA,Fa,N,SBrkr,835,0,0,835,0,0,0,1,TA,Typ,0,,Basment,1920,Unf,1,Fa,TA,Y,0,0,77,0,0,0,,,Shed,400,5,2010,COD,Abnorml
99,100,128950,4,0,0,1,6,1959,1959,3,20,RL,77,9320,Pave,,IR1,Lvl,AllPub,Inside,Gtl,NAmes,Norm,Norm,1Fam,1Story,5,Gable,CompShg,Plywood,Plywood,None,TA,TA,CBlock,TA,TA,No,ALQ,569,Unf,0,381,950,GasA,Fa,Y,SBrkr,1225,0,0,1225,1,0,1,1,TA,Typ,0,,,,,0,,,Y,352,0,0,0,0,0,,,Shed,400,1,2010,WD,Normal
